{"_sessions":{"BXKHoQojuKvi3l1Z/fu6TjVOrKnihsIANFkEFirx+2VH":{"registrationId":119,"currentRatchet":{"ephemeralKeyPair":{"pubKey":"BVnU9mNa0UhEkQVl4eqYkxA3DdkmlSeGtiDgU0ab/z48","privKey":"4PxLAiDDIyr0133EBu2nwqBgCBzChuGF92Szacri+Xo="},"lastRemoteEphemeralKey":"BaTa6sSwLETgplo8M99axio0WCUT0UWIrLt4b/ce42UQ","previousCounter":0,"rootKey":"HUo6IYFfPA62IpDVdwrS6Gzx7Km2+Yv152Xjlyp8KDc="},"indexInfo":{"baseKey":"BXKHoQojuKvi3l1Z/fu6TjVOrKnihsIANFkEFirx+2VH","baseKeyType":1,"closed":-1,"used":1666837536707,"created":1666837536707,"remoteIdentityKey":"BWLMbTDdLIC7kZIW/VFz6n3eamtpRdW1SLHLaQzOHqdL"},"_chains":{"BVnU9mNa0UhEkQVl4eqYkxA3DdkmlSeGtiDgU0ab/z48":{"chainKey":{"counter":2,"key":"BfXcGmb0sWTCjQSBiEawkTSt4fZt+LoKbPxhRPg/EJE="},"chainType":1,"messageKeys":{}}},"pendingPreKey":{"signedKeyId":1,"baseKey":"BXKHoQojuKvi3l1Z/fu6TjVOrKnihsIANFkEFirx+2VH","preKeyId":99}}},"version":"v1"}