{"_sessions":{"BZNH1fM1mh89JyNcnSBA6JN5JZo9Rlys6ryHMxrROfoI":{"registrationId":1633141865,"currentRatchet":{"ephemeralKeyPair":{"pubKey":"BRyZIr/Y6HxD9ShBMGi2hhGWkGCli8CIaYtYvZ8UNd13","privKey":"EE81NoAN7WUDkarnETtmRGrZe7YlSmt9Zfu6wJetIHc="},"lastRemoteEphemeralKey":"BU9TWMbVtrM2Wqto8/hrUHT2zW/kNG5vVfhb5SEI43MO","previousCounter":0,"rootKey":"VwW/+VH0DdS49BpTHEGRQbAxK4PMfQYUs4z0Pm/Uzag="},"indexInfo":{"baseKey":"BZNH1fM1mh89JyNcnSBA6JN5JZo9Rlys6ryHMxrROfoI","baseKeyType":1,"closed":-1,"used":1666837775347,"created":1666837775347,"remoteIdentityKey":"Bd+bHoICIuivJGN50HhAMn2M6KXOW0AjO8+cVagWLmpX"},"_chains":{"BRyZIr/Y6HxD9ShBMGi2hhGWkGCli8CIaYtYvZ8UNd13":{"chainKey":{"counter":0,"key":"U11RgFklCA59R5dVnoBIkp4qKnp9/BYBcmlPta9Bbng="},"chainType":1,"messageKeys":{}}},"pendingPreKey":{"signedKeyId":7,"baseKey":"BZNH1fM1mh89JyNcnSBA6JN5JZo9Rlys6ryHMxrROfoI","preKeyId":3548480}}},"version":"v1"}