{"_sessions":{"BQRgXvo2HyV8zJGzKLg0/rTMdSqgaYHP+FoEM9ALy2JP":{"registrationId":824021747,"currentRatchet":{"ephemeralKeyPair":{"pubKey":"Bbnx3ENlGzbUPSRRCaf6u9hdTuZalrH1lDmLM8cI6n1O","privKey":"gFg5ykDvaLB0fcIwUi7T0cPdSqoAsQzu46IazEfKS3w="},"lastRemoteEphemeralKey":"BSiwTbN/P9JdBk0oWBTUueUhpQ33tg1cMTwhFb9CpwAU","previousCounter":0,"rootKey":"TSRfXLw0n49P4s9caLn8NsxazuOJsN0wLkgJjLaDKnA="},"indexInfo":{"baseKey":"BQRgXvo2HyV8zJGzKLg0/rTMdSqgaYHP+FoEM9ALy2JP","baseKeyType":1,"closed":-1,"used":1666835081360,"created":1666835081360,"remoteIdentityKey":"BSwXyJ6YtrVI5ikAZ8IlPOlXBMFU6bzgMK4she/+6Q50"},"_chains":{"Bbnx3ENlGzbUPSRRCaf6u9hdTuZalrH1lDmLM8cI6n1O":{"chainKey":{"counter":7,"key":"Z2XyjfK8x6SUXmVOYTlpcQz3cAJOFBUXwhQU3Ja8P8I="},"chainType":1,"messageKeys":{}}},"pendingPreKey":{"signedKeyId":0,"baseKey":"BQRgXvo2HyV8zJGzKLg0/rTMdSqgaYHP+FoEM9ALy2JP","preKeyId":6725651}}},"version":"v1"}